SQL> 
SQL> --add colomns to rental_item
SQL> ALTER TABLE rental_item
  2  	ADD (rental_item_type NUMBER)
  3  	ADD (retnal_item_price NUMBER);

Table altered.

SQL> 
SQL> -- query to verify completion of this step:
SQL> SET NULL ''
SQL> COLUMN table_name	 FORMAT A14
SQL> COLUMN column_id	 FORMAT 9999
SQL> COLUMN column_name  FORMAT A22
SQL> COLUMN data_type	 FORMAT A12
SQL> SELECT   table_name
  2  ,	      column_id
  3  ,	      column_name
  4  ,	      CASE
  5  		WHEN nullable = 'N' THEN 'NOT NULL'
  6  		ELSE ''
  7  	      END AS nullable
  8  ,	      CASE
  9  		WHEN data_type IN ('CHAR','VARCHAR2','NUMBER') THEN
 10  		  data_type||'('||data_length||')'
 11  		ELSE
 12  		  data_type
 13  	      END AS data_type
 14  FROM     user_tab_columns
 15  WHERE    table_name = 'RENTAL_ITEM'
 16  ORDER BY 2;

TABLE NAME     COLUMN_ID COLUMN NAME            NULLABLE DATA_TYPE              
-------------- --------- ---------------------- -------- ------------           
RENTAL_ITEM            1 RENTAL_ITEM_ID         NOT NULL NUMBER(22)             
RENTAL_ITEM            2 RENTAL_ID              NOT NULL NUMBER(22)             
RENTAL_ITEM            3 ITEM_ID                NOT NULL NUMBER(22)             
RENTAL_ITEM            4 CREATED_BY             NOT NULL NUMBER(22)             
RENTAL_ITEM            5 CREATION_DATE          NOT NULL DATE                   
RENTAL_ITEM            6 LAST_UPDATED_BY        NOT NULL NUMBER(22)             
RENTAL_ITEM            7 LAST_UPDATE_DATE       NOT NULL DATE                   
RENTAL_ITEM            8 RENTAL_ITEM_TYPE                NUMBER(22)             
RENTAL_ITEM            9 RETNAL_ITEM_PRICE               NUMBER(22)             

9 rows selected.

SQL> 
SQL> 
SQL> --step 2 create the Price table
SQL> BEGIN
  2    FOR i IN (SELECT null FROM user_table WHERE table_name = 'PRICE') LOOP
  3  	 EXECUTE IMMEDIATE 'DROP TABLE PRICE CASCADE CONSTRAINTS';
  4    END LOOP;
  5    FOR i IN (SELECT null FROM user_sequences WHERE sequence_name = 'PRICE_S1') LOOP
  6  	 EXECUTE IMMEDIATE 'DROP SEQUENCE price_s1';
  7    END LOOP;
  8  END;
  9  ;
 10  
 11  /
;
*
ERROR at line 9:
ORA-06550: line 9, column 1:
PLS-00103: Encountered the symbol ";"  


SQL> CREATE TABLE price
  2  ( price_id 		   NUMBER
  3  , item_id			   NUMBER	CONSTRAINT price_1 NOT NULL
  4  , price_type		   NUMBER
  5  , active_flag		   VARCHAR2(1)	CONSTRAINT price_2 NOT NULL
  6  , start_date		   DATE 	CONSTRAINT price_3 NOT NULL
  7  , end_date 		   DATE
  8  , amount			   NUMBER	CONSTRAINT price_4 NOT NULL
  9  , created_by		   NUMBER	CONSTRAINT price_5 NOT NULL
 10  , creation_date		   DATE 	CONSTRAINT price_6 NOT NULL
 11  , last_updated_by		   NUMBER	CONSTRAINT price_7 NOT NULL
 12  , last_update_date 	   DATE 	CONSTRAINT price_8 NOT NULL
 13  , CONSTRAINT pk_price_1 PRIMARY KEY(price_id)
 14  , CONSTRAINT fk_price_1 FOREIGN KEY(item_id) REFERENCES item(item_id)
 15  , CONSTRAINT fk_price_2 FOREIGN KEY(price_type) REFERENCES common_lookup(common_lookup_id)
 16  , CONSTRAINT fk_price_3 FOREIGN KEY(created_by) REFERENCES system_user(system_user_id)
 17  , CONSTRAINT fk_price_4 FOREIGN KEY(last_updated_by) REFERENCES system_user(system_user_id)
 18  , CONSTRAINT yn_price   CHECK(active_flag IN ('Y', 'N')));

Table created.

SQL> 
SQL> -- Create sequence.
SQL> CREATE SEQUENCE price_s1 START WITH 1001;

Sequence created.

SQL> 
SQL> 
SQL> --query to verify completion of this step:
SQL> SET NULL ''
SQL> COLUMN table_name	 FORMAT A14
SQL> COLUMN column_id	 FORMAT 9999
SQL> COLUMN column_name  FORMAT A22
SQL> COLUMN data_type	 FORMAT A12
SQL> SELECT   table_name
  2  ,	      column_id
  3  ,	      column_name
  4  ,	      CASE
  5  		WHEN nullable = 'N' THEN 'NOT NULL'
  6  		ELSE ''
  7  	      END AS nullable
  8  ,	      CASE
  9  		WHEN data_type IN ('CHAR','VARCHAR2','NUMBER') THEN
 10  		  data_type||'('||data_length||')'
 11  		ELSE
 12  		  data_type
 13  	      END AS data_type
 14  FROM     user_tab_columns
 15  WHERE    table_name = 'PRICE'
 16  ORDER BY 2;

TABLE NAME     COLUMN_ID COLUMN NAME            NULLABLE DATA_TYPE              
-------------- --------- ---------------------- -------- ------------           
PRICE                  1 PRICE_ID               NOT NULL NUMBER(22)             
PRICE                  2 ITEM_ID                NOT NULL NUMBER(22)             
PRICE                  3 PRICE_TYPE                      NUMBER(22)             
PRICE                  4 ACTIVE_FLAG            NOT NULL VARCHAR2(1)            
PRICE                  5 START_DATE             NOT NULL DATE                   
PRICE                  6 END_DATE                        DATE                   
PRICE                  7 AMOUNT                 NOT NULL NUMBER(22)             
PRICE                  8 CREATED_BY             NOT NULL NUMBER(22)             
PRICE                  9 CREATION_DATE          NOT NULL DATE                   
PRICE                 10 LAST_UPDATED_BY        NOT NULL NUMBER(22)             
PRICE                 11 LAST_UPDATE_DATE       NOT NULL DATE                   

11 rows selected.

SQL> 
SQL> --verify completion of the constraint step:
SQL> COLUMN constraint_name   FORMAT A16
SQL> COLUMN search_condition  FORMAT A30
SQL> SELECT   uc.constraint_name
  2  ,	      uc.search_condition
  3  FROM     user_constraints uc INNER JOIN user_cons_columns ucc
  4  ON       uc.table_name = ucc.table_name
  5  AND      uc.constraint_name = ucc.constraint_name
  6  WHERE    uc.table_name = UPPER('price')
  7  AND      ucc.column_name = UPPER('active_flag')
  8  AND      uc.constraint_name = UPPER('yn_price')
  9  AND      uc.constraint_type = 'C';

CONSTRAINT NAME  SEARCH_CONDITION                                               
---------------- ------------------------------                                 
YN_PRICE         active_flag IN ('Y', 'N')                                      

1 row selected.

SQL> 
SQL> --Rename the ITEM_RELEASE_DATE column of the ITEM table to RELEASE_DATE.
SQL> ALTER TABLE item RENAME COLUMN item_release_date TO release_date;

Table altered.

SQL> 
SQL> --query checks whether you’ve renamed the column correctly:
SQL> SET NULL ''
SQL> COLUMN TABLE_NAME	 FORMAT A14
SQL> COLUMN column_id	 FORMAT 9999
SQL> COLUMN column_name  FORMAT A22
SQL> COLUMN data_type	 FORMAT A12
SQL> SELECT   TABLE_NAME
  2  ,	      column_id
  3  ,	      column_name
  4  ,	      CASE
  5  		WHEN NULLABLE = 'N' THEN 'NOT NULL'
  6  		ELSE ''
  7  	      END AS NULLABLE
  8  ,	      CASE
  9  		WHEN data_type IN ('CHAR','VARCHAR2','NUMBER') THEN
 10  		  data_type||'('||data_length||')'
 11  		ELSE
 12  		  data_type
 13  	      END AS data_type
 14  FROM     user_tab_columns
 15  WHERE    TABLE_NAME = 'ITEM'
 16  ORDER BY 2;

TABLE NAME     COLUMN_ID COLUMN NAME            NULLABLE DATA_TYPE              
-------------- --------- ---------------------- -------- ------------           
ITEM                   1 ITEM_ID                NOT NULL NUMBER(22)             
ITEM                   2 ITEM_BARCODE           NOT NULL VARCHAR2(14)           
ITEM                   3 ITEM_TYPE              NOT NULL NUMBER(22)             
ITEM                   4 ITEM_TITLE             NOT NULL VARCHAR2(60)           
ITEM                   5 ITEM_SUBTITLE                   VARCHAR2(60)           
ITEM                   6 ITEM_RATING            NOT NULL VARCHAR2(8)            
ITEM                   7 RELEASE_DATE           NOT NULL DATE                   
ITEM                   8 CREATED_BY             NOT NULL NUMBER(22)             
ITEM                   9 CREATION_DATE          NOT NULL DATE                   
ITEM                  10 LAST_UPDATED_BY        NOT NULL NUMBER(22)             
ITEM                  11 LAST_UPDATE_DATE       NOT NULL DATE                   

11 rows selected.

SQL> 
SQL> --Insert three new DVD releases into the ITEM table.
SQL> -- TRON
SQL> INSERT INTO item VALUES
  2  (item_s1.NEXTVAL
  3  ,	'78693616878'
  4  ,	(SElECT common_lookup_id
  5  	FROM  common_lookup
  6  	WHERE common_lookup_type ='DVD_WIDE_SCREEN')
  7  ,	'TRON'
  8  ,	'20th Anniversary Collectors Edition'
  9  ,	'PG'
 10  ,	TRUNC(SYSDATE) - 15
 11  ,	3, SYSDATE, 3, SYSDATE);

1 row created.

SQL> 
SQL> -- ENDERS Games
SQL> INSERT INTO item VALUES
  2  (item_s1.NEXTVAL
  3  ,	'78693616893'
  4  ,	(SElECT common_lookup_id
  5  	FROM common_lookup
  6  	WHERE common_lookup_type ='DVD_WIDE_SCREEN')
  7  ,	'ENDER''S GAME'
  8  ,	''
  9  ,	'PG-13'
 10  ,	TRUNC(SYSDATE) - 15
 11  ,	3, SYSDATE, 3, SYSDATE);

1 row created.

SQL> 
SQL> --ESYISUM
SQL> INSERT INTO item VALUES
  2  (item_s1.NEXTVAL
  3  ,	'78693616324'
  4  ,	(SElECT common_lookup_id
  5  	FROM common_lookup
  6  	WHERE common_lookup_type ='DVD_WIDE_SCREEN')
  7  ,	'ELYSIUM'
  8  ,	''
  9  ,	'R'
 10  ,	TRUNC(SYSDATE) - 15
 11  ,	3, SYSDATE, 3, SYSDATE);

1 row created.

SQL> --query checks whether you’ve entered three compliant rentals and rental items:
SQL> SELECT   i.item_title
  2  ,	      SYSDATE AS today
  3  ,	      i.release_date
  4  FROM     item i
  5  WHERE   (SYSDATE - i.release_date) < 31;

ITEM_TITLE                                                   TODAY              
------------------------------------------------------------ ------------------ 
RELEASE_DATE                                                                    
------------------                                                              
TRON                                                         27-FEB-18          
12-FEB-18                                                                       
                                                                                
ENDER'S GAME                                                 27-FEB-18          
12-FEB-18                                                                       
                                                                                
ELYSIUM                                                      27-FEB-18          
12-FEB-18                                                                       
                                                                                

3 rows selected.

SQL> 
SQL> -- step 3 c
SQL> --Insert a new row in the MEMBER table, and three new rows in the CONTACT, ADDRESS, STREET_ADDRESS, and TELEPHONE tables.
SQL> INSERT INTO member
  2  VALUES
  3  ( member_s1.NEXTVAL
  4  , (SELECT common_lookup_id FROM common_lookup
  5  	    WHERE common_lookup_context = 'MEMBER'
  6  	    AND common_lookup_type = 'GROUP')
  7  , 'X21-777-01'
  8  , '9876-5432-1234-5678'
  9  , (SELECT common_lookup_id FROM common_lookup
 10  	    WHERE common_lookup_context = 'MEMBER'
 11  	    AND common_lookup_type = 'DISCOVER_CARD')
 12  , 1
 13  , SYSDATE
 14  , 1
 15  , SYSDATE
 16  );

1 row created.

SQL> 
SQL> -- insert contact for Harry Potter
SQL> INSERT INTO contact
  2  VALUES
  3  ( contact_s1.NEXTVAL
  4  , member_s1.CURRVAL
  5  , (SELECT common_lookup_id FROM common_lookup
  6  	    WHERE common_lookup_context = 'MEMBER'
  7  	    AND common_lookup_type = 'GROUP')
  8  , 'Harry'
  9  , ''
 10  , 'Potter'
 11  , 1
 12  , SYSDATE
 13  , 1
 14  , SYSDATE);

1 row created.

SQL> 
SQL> -- update Harry addres
SQL> 
SQL> INSERT INTO address
  2  VALUES
  3  ( address_s1.NEXTVAL
  4  , contact_s1.CURRVAL
  5  , (SELECT common_lookup_id FROM common_lookup
  6  	    WHERE common_lookup_context = 'MULTIPLE'
  7  	    AND common_lookup_type = 'HOME')
  8  , 'PROVO'
  9  , 'Utah'
 10  , '84604'
 11  , 1
 12  , SYSDATE
 13  , 1
 14  , SYSDATE);

1 row created.

SQL> 
SQL> --Insert Harry Potter into Street_address
SQL> INSERT INTO street_address
  2  VALUES
  3  ( street_address_s1.NEXTVAL
  4  , address_s1.CURRVAL
  5  , '1212 Main St'
  6  , 1
  7  , SYSDATE
  8  , 1
  9  , SYSDATE);

1 row created.

SQL> 
SQL> 
SQL> --insert Harry Potter into telephone
SQL> INSERT INTO telephone
  2  VALUES
  3  ( telephone_s1.NEXTVAL
  4  , contact_s1.CURRVAL
  5  , address_s1.CURRVAL
  6  , (SELECT common_lookup_id FROM common_lookup
  7  	    WHERE common_lookup_context = 'MULTIPLE'
  8  	    AND common_lookup_type = 'HOME')
  9  , '001'
 10  , '801'
 11  , '342-8932'
 12  , 1
 13  , SYSDATE
 14  , 1
 15  , SYSDATE);

1 row created.

SQL> 
SQL> 
SQL> 
SQL> ------ insert contact for Ginny Potter
SQL> INSERT INTO contact
  2  VALUES
  3  ( contact_s1.NEXTVAL
  4  , member_s1.CURRVAL
  5  , (SELECT common_lookup_id FROM common_lookup
  6  	    WHERE common_lookup_context = 'MEMBER'
  7  	    AND common_lookup_type = 'GROUP')
  8  , 'Ginny'
  9  , ''
 10  , 'Potter'
 11  , 1
 12  , SYSDATE
 13  , 1
 14  , SYSDATE);

1 row created.

SQL> 
SQL> -- update Ginny addres
SQL> 
SQL> INSERT INTO address
  2  VALUES
  3  ( address_s1.NEXTVAL
  4  , contact_s1.CURRVAL
  5  , (SELECT common_lookup_id FROM common_lookup
  6  	    WHERE common_lookup_context = 'MULTIPLE'
  7  	    AND common_lookup_type = 'HOME')
  8  , 'PROVO'
  9  , 'Utah'
 10  , '84604'
 11  , 1
 12  , SYSDATE
 13  , 1
 14  , SYSDATE);

1 row created.

SQL> 
SQL> --Insert Ginny Potter into Street_address
SQL> INSERT INTO street_address
  2  VALUES
  3  ( street_address_s1.NEXTVAL
  4  , address_s1.CURRVAL
  5  , '1212 Main St'
  6  , 1
  7  , SYSDATE
  8  , 1
  9  , SYSDATE);

1 row created.

SQL> 
SQL> 
SQL> --insert Ginny Potter into telepone
SQL> INSERT INTO telephone
  2  VALUES
  3  ( telephone_s1.NEXTVAL
  4  , contact_s1.CURRVAL
  5  , address_s1.CURRVAL
  6  , (SELECT common_lookup_id FROM common_lookup
  7  	    WHERE common_lookup_context = 'MULTIPLE'
  8  	    AND common_lookup_type = 'HOME')
  9  , '001'
 10  , '801'
 11  , '342-8932'
 12  , 1
 13  , SYSDATE
 14  , 1
 15  , SYSDATE);

1 row created.

SQL> 
SQL> ----- insert contact for Lily Luna Potter
SQL> INSERT INTO contact
  2  VALUES
  3  ( contact_s1.NEXTVAL
  4  , member_s1.CURRVAL
  5  , (SELECT common_lookup_id FROM common_lookup
  6  	    WHERE common_lookup_context = 'MEMBER'
  7  	    AND common_lookup_type = 'GROUP')
  8  , 'Lily'
  9  , 'Luna'
 10  , 'Potter'
 11  , 1
 12  , SYSDATE
 13  , 1
 14  , SYSDATE);

1 row created.

SQL> 
SQL> -- update Lily addres
SQL> 
SQL> INSERT INTO address
  2  VALUES
  3  ( address_s1.NEXTVAL
  4  , contact_s1.CURRVAL
  5  , (SELECT common_lookup_id FROM common_lookup
  6  	    WHERE common_lookup_context = 'MULTIPLE'
  7  	    AND common_lookup_type = 'HOME')
  8  , 'PROVO'
  9  , 'Utah'
 10  , '84604'
 11  , 1
 12  , SYSDATE
 13  , 1
 14  , SYSDATE);

1 row created.

SQL> 
SQL> --Insert Lily Potter into Street_address
SQL> INSERT INTO street_address
  2  VALUES
  3  ( street_address_s1.NEXTVAL
  4  , address_s1.CURRVAL
  5  , '1212 Main St'
  6  , 1
  7  , SYSDATE
  8  , 1
  9  , SYSDATE);

1 row created.

SQL> 
SQL> 
SQL> --insert Lily Potter into telepone
SQL> INSERT INTO telephone
  2  VALUES
  3  ( telephone_s1.NEXTVAL
  4  , contact_s1.CURRVAL
  5  , address_s1.CURRVAL
  6  , (SELECT common_lookup_id FROM common_lookup
  7  	    WHERE common_lookup_context = 'MULTIPLE'
  8  	    AND common_lookup_type = 'HOME')
  9  , '001'
 10  , '801'
 11  , '342-8932'
 12  , 1
 13  , SYSDATE
 14  , 1
 15  , SYSDATE);

1 row created.

SQL> 
SQL> COLUMN full_name FORMAT A20
SQL> COLUMN city      FORMAT A10
SQL> COLUMN state     FORMAT A10
SQL> SELECT   c.last_name || ', ' || c.first_name AS full_name
  2  ,	      a.city
  3  ,	      a.state_province AS state
  4  FROM     member m INNER JOIN contact c
  5  ON       m.member_id = c.member_id INNER JOIN address a
  6  ON       c.contact_id = a.contact_id INNER JOIN street_address sa
  7  ON       a.address_id = sa.address_id INNER JOIN telephone t
  8  ON       c.contact_id = t.contact_id
  9  WHERE    c.last_name = 'Potter';

FULL_NAME            CITY       STATE                                           
-------------------- ---------- ----------                                      
Potter, Harry        PROVO      Utah                                            
Potter, Ginny        PROVO      Utah                                            
Potter, Lily         PROVO      Utah                                            

3 rows selected.

SQL> 
SQL> 
SQL> -- Harrys Renal
SQL> 
SQL> INSERT INTO rental
  2  VALUES
  3  ( rental_s1.NEXTVAL
  4  , (SElECT contact_id
  5  	FROM contact
  6  	WHERE first_name ='Harry' AND last_name = 'Potter')
  7  , TRUNC(SYSDATE)
  8  , TRUNC(SYSDATE) + 1
  9  , 1
 10  , SYSDATE
 11  , 1
 12  , SYSDATE);

1 row created.

SQL> 
SQL> 
SQL> INSERT INTO rental_item
  2  VALUES
  3  ( rental_item_s1.NEXTVAL
  4  , rental_s1.CURRVAL
  5  , item_s1.CURRVAL
  6  , 1
  7  , SYSDATE
  8  , 1
  9  , SYSDATE
 10  , (SElECT common_lookup_id
 11  	FROM common_lookup
 12  	WHERE common_lookup_type ='DVD_WIDE_SCREEN')
 13  , '');

1 row created.

SQL> 
SQL> INSERT INTO rental_item
  2  VALUES
  3  ( rental_item_s1.NEXTVAL
  4  , rental_s1.CURRVAL
  5  , item_s1.CURRVAL
  6  , 1
  7  , SYSDATE
  8  , 1
  9  , SYSDATE
 10  , (SElECT common_lookup_id
 11  	FROM common_lookup
 12  	WHERE common_lookup_type ='DVD_WIDE_SCREEN')
 13  , '');

1 row created.

SQL> 
SQL> -- Ginny Renal
SQL> 
SQL> INSERT INTO rental
  2  VALUES
  3  ( rental_s1.NEXTVAL
  4  , (SElECT contact_id
  5  	FROM contact
  6  	WHERE first_name ='Ginny' AND last_name = 'Potter')
  7  , TRUNC(SYSDATE)
  8  , TRUNC(SYSDATE) + 3
  9  , 1
 10  , SYSDATE
 11  , 1
 12  , SYSDATE);

1 row created.

SQL> 
SQL> 
SQL> INSERT INTO rental_item
  2  VALUES
  3  ( rental_item_s1.NEXTVAL
  4  , rental_s1.CURRVAL
  5  , item_s1.CURRVAL
  6  , 1
  7  , SYSDATE
  8  , 1
  9  , SYSDATE
 10  , (SElECT common_lookup_id
 11  	FROM common_lookup
 12  	WHERE common_lookup_type ='DVD_WIDE_SCREEN')
 13  , '');

1 row created.

SQL> 
SQL> 
SQL> -- Lily Luna Renal
SQL> 
SQL> INSERT INTO rental
  2  VALUES
  3  ( rental_s1.NEXTVAL
  4  , (SElECT contact_id
  5  	FROM contact
  6  	WHERE first_name ='Lily' AND last_name = 'Potter')
  7  , TRUNC(SYSDATE)
  8  , TRUNC(SYSDATE) + 5
  9  , 1
 10  , SYSDATE
 11  , 1
 12  , SYSDATE);

1 row created.

SQL> 
SQL> 
SQL> INSERT INTO rental_item
  2  VALUES
  3  ( rental_item_s1.NEXTVAL
  4  , rental_s1.CURRVAL
  5  , item_s1.CURRVAL
  6  , 1
  7  , SYSDATE
  8  , 1
  9  , SYSDATE
 10  , (SElECT common_lookup_id
 11  	FROM common_lookup
 12  	WHERE common_lookup_type ='DVD_WIDE_SCREEN')
 13  , '');

1 row created.

SQL> 
SQL> 
SQL> COLUMN full_name	FORMAT A18
SQL> COLUMN rental_id	FORMAT 9999
SQL> COLUMN rental_days FORMAT A14
SQL> COLUMN rentals	FORMAT 9999
SQL> COLUMN items	FORMAT 9999
SQL> SELECT   c.last_name||', '||c.first_name||' '||c.middle_name AS full_name
  2  ,	      r.rental_id
  3  ,	     (r.return_date - r.check_out_date) || '-DAY RENTAL' AS rental_days
  4  ,	      COUNT(DISTINCT r.rental_id) AS rentals
  5  ,	      COUNT(ri.rental_item_id) AS items
  6  FROM     rental r INNER JOIN rental_item ri
  7  ON       r.rental_id = ri.rental_id INNER JOIN contact c
  8  ON       r.customer_id = c.contact_id
  9  WHERE   (SYSDATE - r.check_out_date) < 15
 10  AND      c.last_name = 'Potter'
 11  GROUP BY c.last_name||', '||c.first_name||' '||c.middle_name
 12  ,	      r.rental_id
 13  ,	     (r.return_date - r.check_out_date) || '-DAY RENTAL'
 14  ORDER BY 2;

FULL_NAME          RENTAL_ID RENTAL_DAYS    RENTALS ITEMS                       
------------------ --------- -------------- ------- -----                       
Potter, Harry           1006 1-DAY RENTAL         1     2                       
Potter, Ginny           1007 3-DAY RENTAL         1     1                       
Potter, Lily Luna       1008 5-DAY RENTAL         1     1                       

3 rows selected.

SQL> 
SQL> 
SQL> -- Step 4
SQL> -- drop index
SQL> DROP INDEX common_lookup_n1;

Index dropped.

SQL> DROP INDEX common_lookup_u2;

Index dropped.

SQL> 
SQL> COLUMN table_name FORMAT A14
SQL> COLUMN index_name FORMAT A20
SQL> SELECT   table_name
  2  ,	      index_name
  3  FROM     user_indexes
  4  WHERE    table_name = 'COMMON_LOOKUP';

TABLE NAME     INDEX_NAME                                                       
-------------- --------------------                                             
COMMON_LOOKUP  PK_C_LOOKUP_1                                                    

1 row selected.

SQL> 
SQL> -- Add three new columns to the COMMON_LOOKUP table.
SQL> ALTER TABLE common_lookup
  2  	ADD (common_lookup_table VARCHAR2(30))
  3  	ADD (common_lookup_column VARCHAR2(30))
  4  	ADD (common_lookup_code VARCHAR2(30));

Table altered.

SQL> 
SQL> SET NULL ''
SQL> COLUMN table_name	 FORMAT A14
SQL> COLUMN column_id	 FORMAT 9999
SQL> COLUMN column_name  FORMAT A22
SQL> COLUMN data_type	 FORMAT A12
SQL> SELECT   table_name
  2  ,	      column_id
  3  ,	      column_name
  4  ,	      CASE
  5  		WHEN nullable = 'N' THEN 'NOT NULL'
  6  		ELSE ''
  7  	      END AS nullable
  8  ,	      CASE
  9  		WHEN data_type IN ('CHAR','VARCHAR2','NUMBER') THEN
 10  		  data_type||'('||data_length||')'
 11  		ELSE
 12  		  data_type
 13  	      END AS data_type
 14  FROM     user_tab_columns
 15  WHERE    table_name = 'COMMON_LOOKUP'
 16  ORDER BY 2;

TABLE NAME     COLUMN_ID COLUMN NAME            NULLABLE DATA_TYPE              
-------------- --------- ---------------------- -------- ------------           
COMMON_LOOKUP          1 COMMON_LOOKUP_ID       NOT NULL NUMBER(22)             
COMMON_LOOKUP          2 COMMON_LOOKUP_CONTEXT  NOT NULL VARCHAR2(30)           
COMMON_LOOKUP          3 COMMON_LOOKUP_TYPE     NOT NULL VARCHAR2(30)           
COMMON_LOOKUP          4 COMMON_LOOKUP_MEANING  NOT NULL VARCHAR2(30)           
COMMON_LOOKUP          5 CREATED_BY             NOT NULL NUMBER(22)             
COMMON_LOOKUP          6 CREATION_DATE          NOT NULL DATE                   
COMMON_LOOKUP          7 LAST_UPDATED_BY        NOT NULL NUMBER(22)             
COMMON_LOOKUP          8 LAST_UPDATE_DATE       NOT NULL DATE                   
COMMON_LOOKUP          9 COMMON_LOOKUP_TABLE             VARCHAR2(30)           
COMMON_LOOKUP         10 COMMON_LOOKUP_COLUMN            VARCHAR2(30)           
COMMON_LOOKUP         11 COMMON_LOOKUP_CODE              VARCHAR2(30)           

11 rows selected.

SQL> 
SQL> 
SQL> -- step C
SQL> 
SQL> --common_lookup_table column
SQL> UPDATE common_lookup
  2  SET common_lookup_table = common_lookup_context
  3  WHERE common_lookup_context != 'MULTIPLE';

15 rows updated.

SQL> 
SQL> UPDATE common_lookup
  2  SET common_lookup_table ='ADDRESS'
  3  WHERE common_lookup_context = 'MULTIPLE';

2 rows updated.

SQL> 
SQL> -- common_lookup_column
SQL> UPDATE common_lookup
  2  SET common_lookup_column = common_lookup_context||'_TYPE'
  3  WHERE common_lookup_table = 'MEMBER'
  4  AND common_lookup_type IN('INDIVIDUAL', 'GROUP');

2 rows updated.

SQL> 
SQL> UPDATE common_lookup
  2  SET common_lookup_column = 'CREDIT_CARD_TYPE'
  3  WHERE common_lookup_type IN('VISA_CARD', 'MASTER_CARD', 'DISCOVER_CARD');

3 rows updated.

SQL> 
SQL> UPDATE common_lookup
  2  SET common_lookup_column = 'ADDRESS_TYPE'
  3  WHERE common_lookup_context ='MULTIPLE';

2 rows updated.

SQL> 
SQL> UPDATE common_lookup
  2  SET common_lookup_column = common_lookup_context||'_TYPE'
  3  WHERE common_lookup_context NOT IN ('MEMBER', 'Multiple');

12 rows updated.

SQL> 
SQL> --add two new rows
SQL> INSERT INTO common_lookup
  2  VALUES
  3  ( common_lookup_s1.NEXTVAL
  4  , 'TELEPHONE'
  5  , 'HOME'
  6  , 'HOME'
  7  , 1
  8  , SYSDATE
  9  , 1
 10  , SYSDATE
 11  , 'TELEPHONE'
 12  , 'TELEPHONE_TYPE'
 13  , 'HOME');

1 row created.

SQL> 
SQL> 
SQL> INSERT INTO common_lookup
  2  VALUES
  3  ( common_lookup_s1.NEXTVAL
  4  , 'TELEPHONE'
  5  , 'WORK'
  6  , 'WORK'
  7  , 1
  8  , SYSDATE
  9  , 1
 10  , SYSDATE
 11  , 'TELEPHONE'
 12  , 'TELEPHONE_TYPE'
 13  , 'WORK');

1 row created.

SQL> 
SQL> 
SQL> -- update the now obsolete fk
SQL> UPDATE telephone
  2  SET telephone type=
  3  	     (SELECT common_lookup_id
  4  	      FROM common_lookup
  5  	      WHERE common_lookup_table = 'TELEPHONE'
  6  	      AND common_lookup_type ='HOME')
  7  	      WHERE telephone_type =
  8  	      (SELECT common_lookup_id
  9  	      FROM common_lookup
 10  	      WHERE common_lookup_table = 'ADDRESS'
 11  	      AND common_lookup_type ='HOME');
SET telephone type=
              *
ERROR at line 2:
ORA-00927: missing equal sign 


SQL> 
SQL> UPDATE telephone
  2  SET telephone type=
  3  	     (SELECT common_lookup_id
  4  	      FROM common_lookup
  5  	      WHERE common_lookup_table = 'TELEPHONE'
  6  	      AND common_lookup_type ='WORK')
  7  	      WHERE telephone_type =
  8  	      (SELECT common_lookup_id
  9  	      FROM common_lookup
 10  	      WHERE common_lookup_table = 'ADDRESS'
 11  	      AND common_lookup_type ='WORK');
SET telephone type=
              *
ERROR at line 2:
ORA-00927: missing equal sign 


SQL> 
SQL> 
SQL> 
SQL> SET NULL ''
SQL> COLUMN table_name	 FORMAT A14
SQL> COLUMN column_id	 FORMAT 9999
SQL> COLUMN column_name  FORMAT A22
SQL> COLUMN data_type	 FORMAT A12
SQL> SELECT   table_name
  2  ,	      column_id
  3  ,	      column_name
  4  ,	      CASE
  5  		WHEN nullable = 'N' THEN 'NOT NULL'
  6  		ELSE ''
  7  	      END AS nullable
  8  ,	      CASE
  9  		WHEN data_type IN ('CHAR','VARCHAR2','NUMBER') THEN
 10  		  data_type||'('||data_length||')'
 11  		ELSE
 12  		  data_type
 13  	      END AS data_type
 14  FROM     user_tab_columns
 15  WHERE    table_name = 'COMMON_LOOKUP'
 16  ORDER BY 2;

TABLE NAME     COLUMN_ID COLUMN NAME            NULLABLE DATA_TYPE              
-------------- --------- ---------------------- -------- ------------           
COMMON_LOOKUP          1 COMMON_LOOKUP_ID       NOT NULL NUMBER(22)             
COMMON_LOOKUP          2 COMMON_LOOKUP_CONTEXT  NOT NULL VARCHAR2(30)           
COMMON_LOOKUP          3 COMMON_LOOKUP_TYPE     NOT NULL VARCHAR2(30)           
COMMON_LOOKUP          4 COMMON_LOOKUP_MEANING  NOT NULL VARCHAR2(30)           
COMMON_LOOKUP          5 CREATED_BY             NOT NULL NUMBER(22)             
COMMON_LOOKUP          6 CREATION_DATE          NOT NULL DATE                   
COMMON_LOOKUP          7 LAST_UPDATED_BY        NOT NULL NUMBER(22)             
COMMON_LOOKUP          8 LAST_UPDATE_DATE       NOT NULL DATE                   
COMMON_LOOKUP          9 COMMON_LOOKUP_TABLE             VARCHAR2(30)           
COMMON_LOOKUP         10 COMMON_LOOKUP_COLUMN            VARCHAR2(30)           
COMMON_LOOKUP         11 COMMON_LOOKUP_CODE              VARCHAR2(30)           

11 rows selected.

SQL> 
SQL> COLUMN common_lookup_table  FORMAT A20
SQL> COLUMN common_lookup_column FORMAT A20
SQL> COLUMN common_lookup_type	 FORMAT A20
SQL> SELECT   common_lookup_table
  2  ,	      common_lookup_column
  3  ,	      common_lookup_type
  4  FROM     common_lookup
  5  ORDER BY 1, 2, 3;

                                          COMMON                                
                                          LOOKUP                                
COMMON_LOOKUP_TABLE  COMMON_LOOKUP_COLUMN TYPE                                  
-------------------- -------------------- --------------------                  
ADDRESS              MULTIPLE_TYPE        HOME                                  
ADDRESS              MULTIPLE_TYPE        WORK                                  
CONTACT              CONTACT_TYPE         CUSTOMER                              
CONTACT              CONTACT_TYPE         EMPLOYEE                              
ITEM                 ITEM_TYPE            BLU-RAY                               
ITEM                 ITEM_TYPE            DVD_FULL_SCREEN                       
ITEM                 ITEM_TYPE            DVD_WIDE_SCREEN                       
ITEM                 ITEM_TYPE            NINTENDO_GAMECUBE                     
ITEM                 ITEM_TYPE            PLAYSTATION2                          
ITEM                 ITEM_TYPE            XBOX                                  
MEMBER               CREDIT_CARD_TYPE     DISCOVER_CARD                         
MEMBER               CREDIT_CARD_TYPE     MASTER_CARD                           
MEMBER               CREDIT_CARD_TYPE     VISA_CARD                             
MEMBER               MEMBER_TYPE          GROUP                                 
MEMBER               MEMBER_TYPE          INDIVIDUAL                            
SYSTEM_USER          SYSTEM_USER_TYPE     DBA                                   
SYSTEM_USER          SYSTEM_USER_TYPE     SYSTEM_ADMIN                          
TELEPHONE            TELEPHONE_TYPE       HOME                                  
TELEPHONE            TELEPHONE_TYPE       WORK                                  

19 rows selected.

SQL> 
SQL> COLUMN common_lookup_table  FORMAT A14 HEADING "Common|Lookup Table"
SQL> COLUMN common_lookup_column FORMAT A14 HEADING "Common|Lookup Column"
SQL> COLUMN common_lookup_type	 FORMAT A8  HEADING "Common|Lookup|Type"
SQL> COLUMN count_dependent	 FORMAT 999 HEADING "Count of|Foreign|Keys"
SQL> COLUMN count_lookup	 FORMAT 999 HEADING "Count of|Primary|Keys"
SQL> SELECT   cl.common_lookup_table
  2  ,	      cl.common_lookup_column
  3  ,	      cl.common_lookup_type
  4  ,	      COUNT(a.address_id) AS count_dependent
  5  ,	      COUNT(DISTINCT cl.common_lookup_table) AS count_lookup
  6  FROM     address a RIGHT JOIN common_lookup cl
  7  ON       a.address_type = cl.common_lookup_id
  8  WHERE    cl.common_lookup_table = 'ADDRESS'
  9  AND      cl.common_lookup_column = 'ADDRESS_TYPE'
 10  AND      cl.common_lookup_type IN ('HOME','WORK')
 11  GROUP BY cl.common_lookup_table
 12  ,	      cl.common_lookup_column
 13  ,	      cl.common_lookup_type
 14  UNION
 15  SELECT   cl.common_lookup_table
 16  ,	      cl.common_lookup_column
 17  ,	      cl.common_lookup_type
 18  ,	      COUNT(t.telephone_id) AS count_dependent
 19  ,	      COUNT(DISTINCT cl.common_lookup_table) AS count_lookup
 20  FROM     telephone t RIGHT JOIN common_lookup cl
 21  ON       t.telephone_type = cl.common_lookup_id
 22  WHERE    cl.common_lookup_table = 'TELEPHONE'
 23  AND      cl.common_lookup_column = 'TELEPHONE_TYPE'
 24  AND      cl.common_lookup_type IN ('HOME','WORK')
 25  GROUP BY cl.common_lookup_table
 26  ,	      cl.common_lookup_column
 27  ,	      cl.common_lookup_type;

                              Common   Count of Count of                        
Common         Common         Lookup    Foreign  Primary                        
Lookup Table   Lookup Column  Type         Keys     Keys                        
-------------- -------------- -------- -------- --------                        
TELEPHONE      TELEPHONE_TYPE HOME            0        1                        
TELEPHONE      TELEPHONE_TYPE WORK            0        1                        

2 rows selected.

SQL> 
SQL> 
SQL> 
SQL> 
SQL> ALTER TABLE common_lookup DROP COLUMN common_lookup_context;

Table altered.

SQL> ALTER TABLE common_lookup MODIFY common_lookup_table VARCHAR2(30) NOT NULL;

Table altered.

SQL> ALTER TABLE common_lookup MODIFY common_lookup_column VARCHAR2(30) NOT NULL;

Table altered.

SQL> 
SQL> SET NULL ''
SQL> COLUMN table_name	 FORMAT A14
SQL> COLUMN column_id	 FORMAT 9999
SQL> COLUMN column_name  FORMAT A22
SQL> COLUMN data_type	 FORMAT A12
SQL> SELECT   table_name
  2  ,	      column_id
  3  ,	      column_name
  4  ,	      CASE
  5  		WHEN nullable = 'N' THEN 'NOT NULL'
  6  		ELSE ''
  7  	      END AS nullable
  8  ,	      CASE
  9  		WHEN data_type IN ('CHAR','VARCHAR2','NUMBER') THEN
 10  		  data_type||'('||data_length||')'
 11  		ELSE
 12  		  data_type
 13  	      END AS data_type
 14  FROM     user_tab_columns
 15  WHERE    table_name = 'COMMON_LOOKUP'
 16  ORDER BY 2;

TABLE NAME     COLUMN_ID COLUMN NAME            NULLABLE DATA_TYPE              
-------------- --------- ---------------------- -------- ------------           
COMMON_LOOKUP          1 COMMON_LOOKUP_ID       NOT NULL NUMBER(22)             
COMMON_LOOKUP          2 COMMON_LOOKUP_TYPE     NOT NULL VARCHAR2(30)           
COMMON_LOOKUP          3 COMMON_LOOKUP_MEANING  NOT NULL VARCHAR2(30)           
COMMON_LOOKUP          4 CREATED_BY             NOT NULL NUMBER(22)             
COMMON_LOOKUP          5 CREATION_DATE          NOT NULL DATE                   
COMMON_LOOKUP          6 LAST_UPDATED_BY        NOT NULL NUMBER(22)             
COMMON_LOOKUP          7 LAST_UPDATE_DATE       NOT NULL DATE                   
COMMON_LOOKUP          8 COMMON_LOOKUP_TABLE    NOT NULL VARCHAR2(30)           
COMMON_LOOKUP          9 COMMON_LOOKUP_COLUMN   NOT NULL VARCHAR2(30)           
COMMON_LOOKUP         10 COMMON_LOOKUP_CODE              VARCHAR2(30)           

10 rows selected.

SQL> 
SQL> -- create a unique Inedex
SQL> 
SQL> CREATE UNIQUE INDEX common_lookup_pk_c_lookup_1
  2    ON common_lookup(common_lookup_table,common_lookup_coloumn, common_lookup_type);
  ON common_lookup(common_lookup_table,common_lookup_coloumn, common_lookup_type)
                                       *
ERROR at line 2:
ORA-00904: "COMMON_LOOKUP_COLOUMN": invalid identifier 


SQL> 
SQL> 
SQL> 
SQL> 
SQL> COLUMN table_name FORMAT A14
SQL> COLUMN index_name FORMAT A20
SQL> SELECT   table_name
  2  ,	      index_name
  3  FROM     user_indexes
  4  WHERE    table_name = 'COMMON_LOOKUP';

TABLE NAME     INDEX_NAME                                                       
-------------- --------------------                                             
COMMON_LOOKUP  PK_C_LOOKUP_1                                                    

1 row selected.

SQL> 
SQL> ALTER TABLE rental_item MODIFY rental_item_type NUMBER NOT NULL;
ALTER TABLE rental_item MODIFY rental_item_type NUMBER NOT NULL
*
ERROR at line 1:
ORA-02296: cannot enable (STUDENT.) - null values found 


SQL> 
SQL> 
SQL> 
SQL> SPOOL OFF
